[
  {
    "nome": "João da Silva",
    "base": "SRJ1",
    "status": "Reprovado",
    "motivo": "CNH vencida"
  },
  {
    "nome": "Maria Oliveira",
    "base": "SMG15",
    "status": "Aprovado",
    "motivo": ""
  },
  {
    "nome": "Carlos Mendes",
    "base": "SRJ2",
    "status": "Em Análise",
    "motivo": ""
  },
  {
    "nome": "Ana Paula",
    "base": "SRJ1",
    "status": "Documentos Pendentes",
    "motivo": ""
  },
  {
    "nome": "Fernando Costa",
    "base": "SRJ3",
    "status": "Encaminhado para Contrato",
    "motivo": ""
  }
]